filename,0,1,2,3,miss,correct,error
T_shanghai_hongqiao_xianchang_test,68,2932,0,0,68,2932,0
T_gangzhuao_xianchang_1,14,6298,6,0,14,6298,6
T_2018_07_19_child_2,0,26,785,0,26,785,0
T_2018_07_09_hxxy_out_2,7,191,6,0,198,6,0
T_child_2017-04-22_3_35_2,0,12,648,0,12,648,0
T_2018_06_06_1_company_2,7,225,3018,0,232,3018,0
T_2018_07_19_child_3,0,0,1,2,1,2,0
T_2018_07_19_child_out_2,1,30,182,3,31,182,3
T_2018_07_19_child_1,23,333,0,0,23,333,0
T_2018_07_17_hxxy_1,25,2186,40,0,25,2186,40
T_2018_07_12_1_company_1,25,834,0,0,25,834,0
T_child_company_2018_11_29_2,0,123,1011,0,123,1011,0
T_2018_07_19_child_out_1,2,12,0,0,2,12,0
T_2018_07_09_hxxy_2,1,117,1453,2,118,1453,2
